{"cameraMode":{"drawMode":0,"name":"Shaded","section":"Shading Mode"},"sceneLighting":true,"audioPlay":false,"sceneViewState":{"m_AlwaysRefresh":false,"showFog":true,"showSkybox":true,"showFlares":true,"showImageEffects":true,"showParticleSystems":true,"showVisualEffectGraphs":true,"m_FxEnabled":true},"in2DMode":false,"pivot":{"x":-37.91047668457031,"y":0.9920046329498291,"z":54.410160064697269},"rotation":{"x":0.01615753024816513,"y":-0.695594072341919,"z":0.01565510407090187,"w":0.7180719375610352},"size":0.9182896614074707,"orthographic":false}